Profile Name,Username,Repo Count,EthicalHackingNotes-Christ Check
"Ebinesh-03","https://github.com/Ebinesh-03",2,"PASS"
"JuliusDude","https://github.com/JuliusDude",6,"PASS"
"SankaraNarayananS18","https://github.com/SankaraNarayananS18",2,"PASS"
"JDANIELRAJ007","https://github.com/JDANIELRAJ007",1,"PASS"
"Aaron-VS","https://github.com/Aaron-VS",3,"PASS"
"Abel0606","https://github.com/Abel0606",3,"PASS"
"Umeshwarkumar","https://github.com/Umeshwarkumar",3,"PASS"
"joshuazacharyjose","https://github.com/joshuazacharyjose",3,"PASS"
"EVAN-KS","https://github.com/EVAN-KS",3,"PASS"
"Soumya-code-ai","https://github.com/Soumya-code-ai",2,"PASS"
"Dineshbaburs","https://github.com/Dineshbaburs",2,"PASS"
"B3ttina","https://github.com/B3ttina",2,"PASS"
"AdithyaRaj672","https://github.com/AdithyaRaj672",3,"PASS"
"Allanpremm","https://github.com/Allanpremm",2,"PASS"
"alfindigo","https://github.com/alfindigo",3,"FAIL"
"abelalexander18","https://github.com/abelalexander18",2,"PASS"
"Darain-Brit-A","https://github.com/Darain-Brit-A",4,"PASS"
"Alanjeorge2005","https://github.com/Alanjeorge2005",1,"FAIL"
"SanMaria28","https://github.com/SanMaria28",2,"PASS"
"shaundx5","https://github.com/shaundx5",4,"PASS"
"Patrick-Pio","https://github.com/Patrick-Pio",2,"PASS"
"Deanjb3","https://github.com/Deanjb3",2,"PASS"
"ishaZaara","https://github.com/ishaZaara",5,"PASS"
"JoyAanchalRose","https://github.com/JoyAanchalRose",3,"PASS"
"Ramya-9739","https://github.com/Ramya-9739",4,"PASS"
"Rachel-joy07","https://github.com/Rachel-joy07",2,"PASS"
"sasmitabtech","https://github.com/sasmitabtech",3,"PASS"
"nithin811","https://github.com/nithin811",2,"PASS"
"NITHEE-11","https://github.com/NITHEE-11",3,"PASS"
"Nandana-19","https://github.com/Nandana-19",3,"FAIL"
"Kavin-cse","https://github.com/Kavin-cse",4,"PASS"
"SharonC-droid","https://github.com/SharonC-droid",4,"PASS"
"dan-jose2006","https://github.com/dan-jose2006",2,"PASS"
"Joel-jarn","https://github.com/Joel-jarn",3,"PASS"
"KARTHIK-RAJEEV","https://github.com/KARTHIK-RAJEEV",2,"PASS"
"adisankar-oss","https://github.com/adisankar-oss",2,"PASS"
"AnnmarieVinish","https://github.com/AnnmarieVinish",3,"PASS"
"AnamiiiikaM","https://github.com/AnamiiiikaM",2,"PASS"
"SREEHARIS16","https://github.com/SREEHARIS16",4,"PASS"
"chrisbaptist07","https://github.com/chrisbaptist07",2,"PASS"
"sajidarryl","https://github.com/sajidarryl",2,"FAIL"
"annmary-aaa","https://github.com/annmary-aaa",2,"PASS"
"krupa2412","https://github.com/krupa2412",2,"PASS"
"samvrith66","https://github.com/samvrith66",3,"PASS"
"Nikshitha2896","https://github.com/Nikshitha2896",2,"PASS"
"SnehaT23","https://github.com/SnehaT23",3,"PASS"
"tanushree-2006","https://github.com/tanushree-2006",3,"PASS"
"alvinjobi4","https://github.com/alvinjobi4",3,"FAIL"
"joshuasenpai","https://github.com/joshuasenpai",2,"FAIL"
"A-M-K-x","https://github.com/A-M-K-x",2,"FAIL"
"samuelbiju13","https://github.com/samuelbiju13",4,"PASS"
"joshuasantoshh","https://github.com/joshuasantoshh",2,"FAIL"
"RichardRajuChirayath","https://github.com/RichardRajuChirayath",3,"PASS"
"johnevin965","https://github.com/johnevin965",2,"FAIL"
"Sartaj-IT","https://github.com/Sartaj-IT",2,"PASS"
"Sankeeth-23","https://github.com/Sankeeth-23",2,"PASS"
"AvrelPinto","https://github.com/AvrelPinto",2,"FAIL"
"vedantjoshi18","https://github.com/vedantjoshi18",3,"PASS"
"Melwin-Thomas","https://github.com/Melwin-Thomas",2,"PASS"
"AlenSaijo","https://github.com/AlenSaijo",3,"PASS"
"JohnJoby2006","https://github.com/JohnJoby2006",5,"PASS"
"Sreesanth200677","https://github.com/Sreesanth200677",5,"PASS"
"Ashweljohn","https://github.com/Ashweljohn",4,"PASS"
"Tiswin-Saji","https://github.com/Tiswin-Saji",3,"PASS"
"BasudevDileep","https://github.com/BasudevDileep",2,"PASS"
"AthreyRaj","https://github.com/AthreyRaj",14,"FAIL"
"hackershay","https://github.com/hackershay",3,"FAIL"
"MichelleDevasia","https://github.com/MichelleDevasia",3,"PASS"
"Angela-Domingo","https://github.com/Angela-Domingo",2,"PASS"
"jessicanalinipaully","https://github.com/jessicanalinipaully",2,"PASS"
"Prash-2402","https://github.com/Prash-2402",3,"FAIL"
"Prisha-11-07","https://github.com/Prisha-11-07",2,"PASS"
"Aksa-006","https://github.com/Aksa-006",3,"PASS"
"SanjanaSudhir","https://github.com/SanjanaSudhir",3,"PASS"
"JoshinyMaria","https://github.com/JoshinyMaria",3,"PASS"
"SriRam-0511","https://github.com/SriRam-0511",1,"PASS"
"Monisha71","https://github.com/Monisha71",2,"PASS"
"JemimahAnna","https://github.com/JemimahAnna",3,"PASS"
"Reuben-Sunish","https://github.com/Reuben-Sunish",2,"PASS"
"maxine-23","https://github.com/maxine-23",2,"PASS"
"Rhea-gracy","https://github.com/Rhea-gracy",2,"PASS"
"Stacydsouza","https://github.com/Stacydsouza",2,"PASS"
"jfs1336","https://github.com/jfs1336",3,"FAIL"
"Tom-boby","https://github.com/Tom-boby",4,"PASS"
"TenzinRigzin2460462","https://github.com/TenzinRigzin2460462",6,"PASS"
"AntonyPraveenReddyK","https://github.com/AntonyPraveenReddyK",2,"FAIL"
"aadithyavimal-christ","https://github.com/aadithyavimal-christ",2,"PASS"
"jonac77","https://github.com/jonac77",3,"PASS"
"diyasusan-coder","https://github.com/diyasusan-coder",2,"PASS"
"Fariha006","https://github.com/Fariha006",2,"PASS"
"LeoRineeth","https://github.com/LeoRineeth",2,"FAIL"
"ArthurFigrous","https://github.com/ArthurFigrous",5,"FAIL"
"SonalJoy10","https://github.com/SonalJoy10",3,"PASS"
"RAAPPO","https://github.com/RAAPPO",5,"PASS"
"bigdaddy110","https://github.com/bigdaddy110",2,"FAIL"
"BarathCG","https://github.com/BarathCG",1,"PASS"
"AmanVarunEkka","https://github.com/AmanVarunEkka",2,"PASS"
"GOKUL06092006","https://github.com/GOKUL06092006",3,"PASS"
"Abishek-gitit","https://github.com/Abishek-gitit",6,"PASS"
"Ridhi105","https://github.com/Ridhi105",2,"PASS"
"MINEAMICHEAL","https://github.com/MINEAMICHEAL",2,"PASS"
"Prajin-30","https://github.com/Prajin-30",2,"PASS"
"Tenzin-Choeying1","https://github.com/Tenzin-Choeying1",6,"FAIL"